id,first_name,last_name,email,gender,ip_address
1,Eleni,Floyde,efloyde0@ibm.com,Female,27.26.81.42
2,Nanny,Gawen,ngawen1@wisc.edu,Female,191.165.217.67
3,Rebeca,Cobden,rcobden2@yahoo.com,Female,30.178.85.30
4,Luigi,Jantzen,ljantzen3@soup.io,Male,121.240.103.245
5,Mellie,Grindrod,mgrindrod4@eepurl.com,Female,5.16.192.40
6,Tildi,Dunstall,tdunstall5@cmu.edu,Female,126.52.110.117
7,Stephanus,Janzen,sjanzen6@ning.com,Male,234.194.225.60
8,Gleda,Claydon,gclaydon7@prweb.com,Female,242.223.233.242
9,Bo,Sukbhans,bsukbhans8@guardian.co.uk,Male,36.153.142.57
10,Nils,Ojeda,nojeda9@disqus.com,Male,197.215.45.23
11,Kristan,Dicey,kdiceya@earthlink.net,Female,167.68.167.91
12,Palmer,Innocent,pinnocentb@livejournal.com,Male,75.243.21.167
13,Felicity,Saw,fsawc@163.com,Female,132.61.184.193
14,Daniella,Stilldale,dstilldaled@blogs.com,Female,83.122.157.243
15,Cody,Thies,cthiese@woothemes.com,Male,155.186.204.215
16,Danette,Somerfield,dsomerfieldf@opera.com,Female,104.188.161.116
17,Leshia,Enochsson,lenochssong@oaic.gov.au,Female,242.12.104.160
18,Christoper,Gopsell,cgopsellh@wikimedia.org,Male,167.169.38.33
19,Channa,Broster,cbrosteri@lycos.com,Female,189.204.227.190
20,Angelia,Prin,aprinj@soup.io,Female,128.142.143.169
21,Rockey,Niblo,rniblok@taobao.com,Male,217.144.21.190
22,Ryon,Padbery,rpadberyl@harvard.edu,Male,117.15.162.222
23,Gare,Mawby,gmawbym@economist.com,Male,230.231.101.98
24,Isidore,Glowach,iglowachn@washingtonpost.com,Male,170.88.151.28
25,Ferdinande,Whales,fwhaleso@senate.gov,Female,125.11.148.93
26,Garey,Henricsson,ghenricssonp@amazonaws.com,Male,12.168.4.170
27,Tommie,Maxwale,tmaxwaleq@ucoz.ru,Female,249.34.249.146
28,Gonzales,Berens,gberensr@ftc.gov,Male,205.63.14.82
29,Taddeusz,Thams,tthamss@nytimes.com,Male,116.221.207.218
30,Bobbette,Tulloch,btullocht@plala.or.jp,Female,134.130.203.74
31,Barney,Tordiffe,btordiffeu@columbia.edu,Male,68.167.14.167
32,Starr,Caunce,scauncev@wordpress.com,Female,182.24.147.41
33,Osborne,Dodworth,ododworthw@tripod.com,Male,114.147.246.116
34,Maurizio,Trevaskiss,mtrevaskissx@nps.gov,Male,104.29.206.233
35,Lowell,Dulake,ldulakey@ucoz.ru,Male,52.76.122.243
36,Moira,Najara,mnajaraz@ow.ly,Female,191.12.33.252
37,Layla,Agostini,lagostini10@gravatar.com,Female,111.5.139.170
38,Wenda,Binley,wbinley11@sogou.com,Female,31.224.107.160
39,Ennis,Jeyness,ejeyness12@deviantart.com,Male,228.175.213.234
40,Batholomew,Gaggen,bgaggen13@bing.com,Male,230.172.216.195
41,Fifi,Lassells,flassells14@independent.co.uk,Female,173.83.186.212
42,Karie,Sholl,ksholl15@state.tx.us,Female,225.216.228.174
43,Warden,Stranahan,wstranahan16@sina.com.cn,Male,138.110.59.216
44,Esdras,Page,epage17@mozilla.com,Male,208.82.158.194
45,Albina,Sopper,asopper18@usnews.com,Female,83.125.49.52
46,Kate,Harnor,kharnor19@squidoo.com,Female,136.236.120.251
47,Abbie,Florentine,aflorentine1a@samsung.com,Male,93.85.96.13
48,Ruthe,Morewood,rmorewood1b@pcworld.com,Female,208.23.224.112
49,Yankee,Wellington,ywellington1c@ted.com,Male,50.241.39.17
50,Cindelyn,Erswell,cerswell1d@shareasale.com,Female,133.92.142.141
51,Byram,Snoden,bsnoden1e@si.edu,Male,33.156.45.181
52,Coral,Leavy,cleavy1f@shinystat.com,Female,129.25.88.44
53,Teddie,Boulter,tboulter1g@va.gov,Male,166.95.159.154
54,Josefa,Belloch,jbelloch1h@cdc.gov,Female,156.227.44.32
55,Bren,Cerman,bcerman1i@tuttocitta.it,Male,174.180.209.69
56,Petronella,Tindley,ptindley1j@amazon.co.jp,Female,30.26.81.222
57,Agustin,Serrell,aserrell1k@blogger.com,Male,124.31.227.182
58,Roze,Rubinov,rrubinov1l@amazon.de,Female,196.167.22.234
59,Wilhelm,Craney,wcraney1m@bloomberg.com,Male,233.26.53.74
60,Dallas,Sans,dsans1n@plala.or.jp,Female,195.206.66.209
61,Faustina,Chartre,fchartre1o@wufoo.com,Female,103.210.140.224
62,Ellsworth,Rounsefell,erounsefell1p@lulu.com,Male,162.157.60.152
63,Mahalia,Bouda,mbouda1q@scientificamerican.com,Female,36.140.76.185
64,Dorie,Edmonston,dedmonston1r@list-manage.com,Male,74.136.41.160
65,Twyla,Keeling,tkeeling1s@japanpost.jp,Female,88.29.36.95
66,Quentin,Ledgard,qledgard1t@bloomberg.com,Female,215.83.207.227
67,Horatius,Gresswood,hgresswood1u@scribd.com,Male,130.46.83.2
68,Morgun,Elms,melms1v@nsw.gov.au,Male,51.158.17.20
69,Rosalind,Lumpkin,rlumpkin1w@uol.com.br,Female,139.238.160.182
70,Zoe,Hevey,zhevey1x@nba.com,Female,170.100.210.20
71,Kaila,Attlee,kattlee1y@4shared.com,Female,87.217.164.131
72,Silvano,Yong,syong1z@posterous.com,Male,184.44.62.222
73,Jonas,Mabey,jmabey20@biglobe.ne.jp,Male,84.140.37.3
74,Abbye,MacCaffery,amaccaffery21@mapy.cz,Female,45.162.129.223
75,Nicolle,Staries,nstaries22@tripod.com,Female,18.79.65.189
76,Patricio,Gladeche,pgladeche23@chronoengine.com,Male,89.60.103.134
77,Maynord,Flynn,mflynn24@economist.com,Male,30.93.93.142
78,Perceval,Unworth,punworth25@ebay.co.uk,Male,179.58.182.25
79,Larissa,Herreros,lherreros26@apache.org,Female,64.193.255.85
80,Jed,Wiggin,jwiggin27@cargocollective.com,Male,240.145.196.70
81,Lisa,Fydo,lfydo28@furl.net,Female,166.52.115.166
82,Quintus,Rigby,qrigby29@merriam-webster.com,Male,107.75.166.66
83,Gretal,Deener,gdeener2a@youku.com,Female,219.51.250.1
84,Tamara,Kubica,tkubica2b@nifty.com,Female,248.175.25.221
85,Angelita,Barde,abarde2c@networkadvertising.org,Female,43.215.47.2
86,Coop,Tomkin,ctomkin2d@globo.com,Male,2.56.240.146
87,Susanna,Ratray,sratray2e@dell.com,Female,116.154.39.90
88,Hedwig,Bullock,hbullock2f@fda.gov,Female,175.70.146.180
89,Conrade,Gayforth,cgayforth2g@topsy.com,Male,149.69.138.80
90,Forrester,Royston,froyston2h@blog.com,Male,46.120.254.242
91,Chastity,Rhydderch,crhydderch2i@usnews.com,Female,180.96.228.210
92,Isidora,Rustidge,irustidge2j@ft.com,Female,58.16.210.37
93,Winthrop,Wraight,wwraight2k@prnewswire.com,Male,25.11.26.187
94,Bailie,Real,breal2l@google.it,Male,53.7.18.63
95,Ennis,Burroughes,eburroughes2m@berkeley.edu,Male,224.48.197.220
96,Annemarie,Severy,asevery2n@usgs.gov,Female,105.10.81.181
97,Hugo,Pelzer,hpelzer2o@nasa.gov,Male,253.134.238.165
98,Gerry,Bartolic,gbartolic2p@prweb.com,Female,124.195.79.24
99,Trenton,Balaisot,tbalaisot2q@fda.gov,Male,177.203.130.122
100,Pepita,Panons,ppanons2r@timesonline.co.uk,Female,230.28.229.122
101,Celine,Hefford,chefford2s@reverbnation.com,Female,0.177.242.224
102,Lillis,De Bellis,ldebellis2t@yahoo.co.jp,Female,248.2.214.52
103,Darsie,Giovannelli,dgiovannelli2u@microsoft.com,Female,3.16.132.228
104,Nial,Garrish,ngarrish2v@hao123.com,Male,173.231.56.198
105,Antons,Stefanovic,astefanovic2w@bigcartel.com,Male,5.43.82.15
106,Mathilda,Clover,mclover2x@dion.ne.jp,Female,205.230.68.187
107,Meggie,De Vaar,mdevaar2y@list-manage.com,Female,100.141.226.3
108,Frannie,Starking,fstarking2z@t-online.de,Male,26.176.56.34
109,Kaylil,Elgy,kelgy30@vk.com,Female,111.19.44.159
110,Sutherland,Olorenshaw,solorenshaw31@friendfeed.com,Male,192.157.16.16
111,Durant,Andrasch,dandrasch32@desdev.cn,Male,108.189.21.76
112,Albert,Chansonnau,achansonnau33@mysql.com,Male,31.26.149.130
113,Tootsie,Linzey,tlinzey34@vinaora.com,Female,249.245.126.31
114,Ettore,Ayrton,eayrton35@hao123.com,Male,106.73.213.229
115,Leopold,Geockle,lgeockle36@storify.com,Male,100.162.149.18
116,Ursala,Devonish,udevonish37@qq.com,Female,8.248.231.108
117,Barth,Bolens,bbolens38@imdb.com,Male,23.50.132.96
118,Malva,Filippov,mfilippov39@globo.com,Female,135.109.143.43
119,Jobye,Ribbens,jribbens3a@opensource.org,Female,51.171.205.90
120,Lovell,Lyptrade,llyptrade3b@huffingtonpost.com,Male,117.14.42.17
121,Myrta,Stonestreet,mstonestreet3c@opensource.org,Female,254.60.7.177
122,Natale,Sweett,nsweett3d@blinklist.com,Male,196.212.180.45
123,Selena,Maffezzoli,smaffezzoli3e@nps.gov,Female,132.175.149.121
124,Francene,Streak,fstreak3f@imgur.com,Female,153.169.246.61
125,Vin,Howley,vhowley3g@cdc.gov,Female,78.12.63.75
126,Riley,Clements,rclements3h@ocn.ne.jp,Male,148.171.100.172
127,Jefferey,Stackbridge,jstackbridge3i@boston.com,Male,157.219.252.120
128,Wat,Blow,wblow3j@devhub.com,Male,236.203.50.155
129,Arvin,Pelerin,apelerin3k@bigcartel.com,Male,40.191.35.34
130,Silva,Monks,smonks3l@economist.com,Female,57.88.193.157
131,Elane,Abbot,eabbot3m@ucoz.ru,Female,82.227.137.6
132,Corbet,Glossop,cglossop3n@mail.ru,Male,184.148.74.140
133,Ingrid,Warrilow,iwarrilow3o@ibm.com,Female,191.159.112.205
134,Ban,Massy,bmassy3p@wp.com,Male,130.132.172.63
135,Park,Dundon,pdundon3q@unesco.org,Male,114.126.101.1
136,Allan,Bolduc,abolduc3r@cmu.edu,Male,89.81.76.33
137,Timothea,Baff,tbaff3s@stanford.edu,Female,231.164.62.184
138,Cornelia,Pinyon,cpinyon3t@utexas.edu,Female,25.52.13.22
139,Flori,De Dantesie,fdedantesie3u@ameblo.jp,Female,94.200.119.240
140,Osborne,Scoates,oscoates3v@dell.com,Male,161.81.230.118
141,Powell,Forbes,pforbes3w@ifeng.com,Male,100.50.160.86
142,Jodi,Merner,jmerner3x@cnn.com,Male,145.216.5.147
143,Audrie,Di Ruggero,adiruggero3y@addthis.com,Female,241.118.246.121
144,Ivie,Lindfors,ilindfors3z@ucsd.edu,Female,27.249.6.51
145,Alfonso,Cattermoul,acattermoul40@indiatimes.com,Male,187.44.114.5
146,Clarance,Mahy,cmahy41@myspace.com,Male,120.81.188.97
147,Gilda,Bartolacci,gbartolacci42@va.gov,Female,101.64.209.182
148,Kathi,De Bellis,kdebellis43@vimeo.com,Female,213.40.252.149
149,Denys,Diggell,ddiggell44@washington.edu,Male,118.239.84.79
150,Alec,Zealy,azealy45@quantcast.com,Male,83.10.120.112
151,Gibby,Annets,gannets46@umich.edu,Male,111.217.36.38
152,Terrie,Templman,ttemplman47@spotify.com,Female,231.137.69.43
153,Kassie,Chalfant,kchalfant48@paginegialle.it,Female,245.21.64.95
154,Sargent,Grenshiels,sgrenshiels49@ihg.com,Male,28.0.135.138
155,Ynes,Knoller,yknoller4a@google.com.hk,Female,100.151.155.146
156,Willi,Sillis,wsillis4b@wikipedia.org,Female,133.111.190.95
157,Bibby,Fairlaw,bfairlaw4c@amazonaws.com,Female,146.133.181.38
158,Ian,Keyte,ikeyte4d@spotify.com,Male,220.69.61.13
159,Prince,Benedtti,pbenedtti4e@is.gd,Male,255.223.189.125
160,Thalia,Pither,tpither4f@nsw.gov.au,Female,155.224.155.187
161,Abbe,Keepin,akeepin4g@mayoclinic.com,Male,148.131.45.53
162,Fitzgerald,Brawson,fbrawson4h@typepad.com,Male,26.131.246.83
163,Vite,Wontner,vwontner4i@networkadvertising.org,Male,169.232.141.99
164,Poul,Hartfleet,phartfleet4j@youtube.com,Male,174.230.54.73
165,Marysa,Stoffler,mstoffler4k@edublogs.org,Female,146.120.61.166
166,Kaitlin,Mudie,kmudie4l@noaa.gov,Female,0.136.89.135
167,Roanna,McHarry,rmcharry4m@de.vu,Female,48.209.4.1
168,Ferrel,Grunguer,fgrunguer4n@imdb.com,Male,199.231.234.118
169,Valry,Gauld,vgauld4o@slate.com,Female,158.240.244.56
170,Alain,Gorrissen,agorrissen4p@google.co.jp,Male,130.75.89.244
171,Gideon,McAughtrie,gmcaughtrie4q@noaa.gov,Male,58.74.54.102
172,Sissie,Fatharly,sfatharly4r@dropbox.com,Female,157.31.82.148
173,Harmonia,Freear,hfreear4s@shinystat.com,Female,187.228.67.17
174,Rich,Vasilchikov,rvasilchikov4t@europa.eu,Male,82.192.78.95
175,Reyna,Rolston,rrolston4u@lycos.com,Female,57.150.78.83
176,Sauveur,Fonte,sfonte4v@yandex.ru,Male,103.69.88.16
177,Sileas,Dumbar,sdumbar4w@mail.ru,Female,103.152.50.165
178,Miof mela,Bowser,mbowser4x@youtu.be,Female,21.181.167.113
179,Jannelle,Cardnell,jcardnell4y@trellian.com,Female,81.179.147.109
180,Mick,Von Hindenburg,mvonhindenburg4z@dmoz.org,Male,40.168.208.155
181,Abbie,Learie,alearie50@twitpic.com,Male,119.53.62.19
182,Dmitri,Bonsul,dbonsul51@newyorker.com,Male,12.64.154.187
183,Quintus,Upstone,qupstone52@economist.com,Male,149.31.14.133
184,Conn,Morrell,cmorrell53@reference.com,Male,225.130.201.255
185,Alexia,Kopp,akopp54@sitemeter.com,Female,21.167.144.131
186,Lissie,Romao,lromao55@naver.com,Female,226.97.26.239
187,Hillier,Dimsdale,hdimsdale56@princeton.edu,Male,184.188.153.13
188,Garth,Bugs,gbugs57@tamu.edu,Male,34.104.37.83
189,Gabi,Stampfer,gstampfer58@github.io,Female,195.28.129.213
190,Malina,Coils,mcoils59@flavors.me,Female,197.19.77.65
191,Katey,Scaysbrook,kscaysbrook5a@ask.com,Female,61.142.184.161
192,Callean,Danjoie,cdanjoie5b@cisco.com,Male,194.242.75.127
193,Hoyt,Sarrell,hsarrell5c@seesaa.net,Male,14.108.240.158
194,Carina,Blight,cblight5d@artisteer.com,Female,244.95.196.204
195,Brett,Toretta,btoretta5e@simplemachines.org,Male,12.136.218.149
196,Ainslie,Dyball,adyball5f@desdev.cn,Female,57.247.239.65
197,Francene,Beden,fbeden5g@tinyurl.com,Female,151.250.53.98
198,Pembroke,Elnaugh,pelnaugh5h@github.io,Male,168.105.96.30
199,Jodi,Hargate,jhargate5i@squidoo.com,Female,72.173.193.181
200,Ruperta,Pretor,rpretor5j@sitemeter.com,Female,149.114.110.224
201,Fayre,Trunby,ftrunby5k@blogger.com,Female,111.24.42.182
202,Thor,Downton,tdownton5l@odnoklassniki.ru,Male,195.92.110.43
203,Teddie,Laban,tlaban5m@1und1.de,Male,7.248.152.95
204,Britt,Bayle,bbayle5n@answers.com,Male,203.17.221.19
205,Bev,Vise,bvise5o@usa.gov,Male,111.42.225.32
206,Kaleb,Prisk,kprisk5p@deviantart.com,Male,73.54.240.122
207,Alidia,McKague,amckague5q@mapquest.com,Female,56.24.39.25
208,Ailsun,Summerbell,asummerbell5r@flavors.me,Female,194.129.158.114
209,Noland,Timson,ntimson5s@ucoz.com,Male,14.154.147.213
210,Niki,Lempenny,nlempenny5t@ebay.co.uk,Female,240.248.19.44
211,Melisenda,Blasl,mblasl5u@simplemachines.org,Female,35.184.210.251
212,Wade,Swynley,wswynley5v@mozilla.org,Male,80.253.202.229
213,Andriette,Fellis,afellis5w@google.nl,Female,123.211.231.39
214,Thorndike,Manicom,tmanicom5x@dmoz.org,Male,192.143.25.15
215,Rosaline,Kopisch,rkopisch5y@ocn.ne.jp,Female,219.79.196.222
216,Edvard,Paliser,epaliser5z@sourceforge.net,Male,20.198.156.249
217,Filippo,Mundee,fmundee60@networksolutions.com,Male,118.26.114.206
218,Irina,Feavers,ifeavers61@dropbox.com,Female,116.48.8.160
219,Lorinda,Matton,lmatton62@icio.us,Female,253.166.131.221
220,Tito,Elcott,telcott63@cdc.gov,Male,132.58.169.37
221,Jacenta,Tantrum,jtantrum64@google.nl,Female,110.34.120.24
222,Merwyn,Thring,mthring65@e-recht24.de,Male,161.56.45.39
223,Georas,Ashwood,gashwood66@chronoengine.com,Male,161.247.206.131
224,Leicester,O'Fairy,lofairy67@webeden.co.uk,Male,203.63.215.245
225,Edgar,Kloska,ekloska68@themeforest.net,Male,97.75.207.61
226,Oswald,Mecco,omecco69@toplist.cz,Male,28.149.98.26
227,Katrina,Rochell,krochell6a@ft.com,Female,209.187.240.182
228,Odo,Humphries,ohumphries6b@wiley.com,Male,242.13.224.92
229,Gwen,Sharnock,gsharnock6c@myspace.com,Female,15.77.120.177
230,Peadar,Geerits,pgeerits6d@51.la,Male,108.42.140.73
231,Joela,Waldie,jwaldie6e@ted.com,Female,180.220.185.171
232,Sim,Grisenthwaite,sgrisenthwaite6f@cnbc.com,Male,139.108.90.44
233,Latisha,Behrendsen,lbehrendsen6g@hao123.com,Female,87.170.208.16
234,Carolyne,Draayer,cdraayer6h@tuttocitta.it,Female,40.21.160.70
235,Deck,de Glanville,ddeglanville6i@businessinsider.com,Male,81.158.202.107
236,Bibby,Stork,bstork6j@ning.com,Female,135.92.125.160
237,Joli,Dewey,jdewey6k@state.tx.us,Female,204.79.26.176
238,Viola,Hug,vhug6l@sitemeter.com,Female,94.51.223.70
239,Hermione,Settle,hsettle6m@google.pl,Female,104.87.240.55
240,Grethel,Stirzaker,gstirzaker6n@sciencedaily.com,Female,159.212.75.251
241,Gauthier,Hartin,ghartin6o@timesonline.co.uk,Male,197.197.70.157
242,Bendix,Dunlea,bdunlea6p@nasa.gov,Male,36.238.57.181
243,Janek,Kindred,jkindred6q@1und1.de,Male,133.100.11.211
244,Ephrem,Manicomb,emanicomb6r@house.gov,Male,70.81.238.241
245,Addison,Doylend,adoylend6s@mediafire.com,Male,131.167.95.130
246,Chanda,Chaperlin,cchaperlin6t@theglobeandmail.com,Female,195.142.93.26
247,Inness,Netting,inetting6u@who.int,Male,222.110.38.223
248,Tedie,Faughnan,tfaughnan6v@seesaa.net,Male,27.62.26.199
249,Livvie,Gregoletti,lgregoletti6w@typepad.com,Female,195.60.175.5
250,Blair,Luton,bluton6x@washingtonpost.com,Male,170.76.140.82
251,Murdoch,Counsell,mcounsell6y@godaddy.com,Male,183.118.180.187
252,Olia,Jefferson,ojefferson6z@soup.io,Female,8.255.14.164
253,Conny,Stitfall,cstitfall70@1688.com,Female,180.61.52.167
254,Tandy,Pendrigh,tpendrigh71@pagesperso-orange.fr,Female,28.212.118.213
255,Milton,Bambrugh,mbambrugh72@ucoz.ru,Male,218.79.61.99
256,Lyell,Radclyffe,lradclyffe73@google.ca,Male,19.23.37.230
257,Massimo,Venning,mvenning74@bbc.co.uk,Male,114.56.248.182
258,Nilson,Harrow,nharrow75@flickr.com,Male,226.102.229.234
259,Debora,Sivyour,dsivyour76@cdc.gov,Female,69.0.210.168
260,Madison,Binnie,mbinnie77@netscape.com,Male,70.36.122.155
261,Ryley,Espinazo,respinazo78@pinterest.com,Male,147.105.168.88
262,Zacharias,Bulfoot,zbulfoot79@youtu.be,Male,4.88.230.84
263,Lennie,Laurisch,llaurisch7a@surveymonkey.com,Male,164.201.245.136
264,Arabele,Muttock,amuttock7b@uiuc.edu,Female,44.144.229.180
265,Minnaminnie,Simmonds,msimmonds7c@tinypic.com,Female,214.91.164.186
266,Kellen,Rogliero,krogliero7d@de.vu,Female,10.88.61.91
267,Anselma,Ledster,aledster7e@ox.ac.uk,Female,49.13.204.126
268,Launce,Thorp,lthorp7f@redcross.org,Male,250.123.255.215
269,Noami,Addionizio,naddionizio7g@europa.eu,Female,68.226.87.20
270,Bartholomeo,Phython,bphython7h@squarespace.com,Male,167.131.16.175
271,Alberto,Caesman,acaesman7i@bloomberg.com,Male,129.115.252.231
272,Lenna,Morey,lmorey7j@deliciousdays.com,Female,107.1.26.139
273,Katine,Lowdeane,klowdeane7k@cloudflare.com,Female,47.98.56.147
274,Franny,Jouhandeau,fjouhandeau7l@about.me,Male,151.197.146.108
275,Arlee,Applewhaite,aapplewhaite7m@soundcloud.com,Female,50.3.177.116
276,Falito,Sugden,fsugden7n@state.tx.us,Male,74.105.2.72
277,Torrin,MacClure,tmacclure7o@webmd.com,Male,255.167.106.89
278,Christoph,Lavigne,clavigne7p@vistaprint.com,Male,202.27.86.75
279,Garald,Borgnol,gborgnol7q@cnn.com,Male,67.120.36.135
280,Ringo,Willingale,rwillingale7r@uiuc.edu,Male,100.181.111.171
281,Donny,Achromov,dachromov7s@is.gd,Female,63.88.206.33
282,Rena,Romeril,rromeril7t@forbes.com,Female,186.223.88.130
283,Giacobo,Mussilli,gmussilli7u@uol.com.br,Male,58.95.148.115
284,Omero,Thresher,othresher7v@clickbank.net,Male,38.44.110.153
285,Ade,Bolens,abolens7w@nydailynews.com,Male,18.222.158.169
286,Dennison,Rudsdale,drudsdale7x@plala.or.jp,Male,20.65.57.16
287,Bat,Upsale,bupsale7y@addthis.com,Male,230.112.179.172
288,Sherill,Ivons,sivons7z@altervista.org,Female,50.2.51.199
289,Almeta,Kmicicki,akmicicki80@abc.net.au,Female,142.130.253.93
290,Ernest,Bortolomei,ebortolomei81@salon.com,Male,233.224.208.86
291,Dela,Monksfield,dmonksfield82@pcworld.com,Female,175.129.68.226
292,Whitby,Grendon,wgrendon83@blogger.com,Male,171.96.130.168
293,Stella,Boyack,sboyack84@uol.com.br,Female,55.208.58.175
294,Carlie,Seaking,cseaking85@dedecms.com,Female,91.142.215.202
295,Ursola,Whittingham,uwhittingham86@blogger.com,Female,21.192.65.56
296,Shay,McGreay,smcgreay87@wikia.com,Female,133.81.34.95
297,Marketa,Karmel,mkarmel88@unesco.org,Female,135.116.165.40
298,Inesita,Squibe,isquibe89@hexun.com,Female,125.139.146.231
299,Kellby,Snowsill,ksnowsill8a@cnet.com,Male,73.0.46.111
300,Bunnie,Deinhard,bdeinhard8b@t-online.de,Female,196.246.190.2
301,Noni,Astell,nastell8c@yandex.ru,Female,177.154.104.51
302,Ellis,Siman,esiman8d@xinhuanet.com,Male,119.216.90.72
303,Lenee,Lambertson,llambertson8e@dedecms.com,Female,155.47.25.60
304,Lennard,Cormack,lcormack8f@epa.gov,Male,137.0.239.182
305,Yasmeen,Ibbotson,yibbotson8g@ihg.com,Female,90.95.72.34
306,Ulrike,Maunsell,umaunsell8h@dot.gov,Female,174.123.133.0
307,Fredek,Ruffey,fruffey8i@delicious.com,Male,68.131.205.62
308,Merilyn,Taffurelli,mtaffurelli8j@bandcamp.com,Female,172.186.136.31
309,Pet,Hogsden,phogsden8k@bigcartel.com,Female,110.193.183.56
310,Fan,Parzis,fparzis8l@desdev.cn,Female,220.196.109.68
311,Mindy,Helix,mhelix8m@admin.ch,Female,115.203.37.121
312,Marlene,Rubrow,mrubrow8n@washington.edu,Female,29.215.45.254
313,Egon,Duckham,educkham8o@senate.gov,Male,236.132.32.15
314,Myca,Cosson,mcosson8p@netscape.com,Male,212.61.156.193
315,Zelig,Skoate,zskoate8q@trellian.com,Male,15.195.50.168
316,Dynah,Niemiec,dniemiec8r@cloudflare.com,Female,28.141.243.17
317,Noami,Albertson,nalbertson8s@xrea.com,Female,206.243.244.138
318,Laurene,Aspinell,laspinell8t@gov.uk,Female,40.123.23.218
319,Tobe,Ponder,tponder8u@sohu.com,Male,138.115.99.9
320,Beverly,Coaster,bcoaster8v@squidoo.com,Female,101.239.32.148
321,Adham,Matiasek,amatiasek8w@nifty.com,Male,59.119.59.8
322,Preston,Paquet,ppaquet8x@prnewswire.com,Male,46.213.207.223
323,Phylis,Kraut,pkraut8y@cnn.com,Female,158.227.108.137
324,Damian,Jeffels,djeffels8z@mac.com,Male,182.113.220.186
325,Ninette,Ledram,nledram90@kickstarter.com,Female,20.133.181.40
326,Art,Fick,afick91@t.co,Male,132.150.169.116
327,Laurence,Mertgen,lmertgen92@prweb.com,Male,4.12.164.232
328,Vinnie,Causier,vcausier93@aol.com,Male,155.244.139.94
329,Burgess,Pilbury,bpilbury94@bravesites.com,Male,231.19.87.207
330,Zedekiah,Rubel,zrubel95@ycombinator.com,Male,70.213.194.90
331,Howey,McGrath,hmcgrath96@t-online.de,Male,170.227.83.81
332,Wendall,Reckus,wreckus97@apache.org,Male,216.97.114.195
333,Renaud,Piggens,rpiggens98@csmonitor.com,Male,198.134.94.21
334,Joaquin,Moulson,jmoulson99@reuters.com,Male,97.119.165.140
335,Gretta,Santostefano.,gsantostefano9a@artisteer.com,Female,138.11.45.212
336,Staford,Jagger,sjagger9b@google.de,Male,157.106.239.161
337,Arney,Machans,amachans9c@wiley.com,Male,49.68.166.51
338,Annabelle,Bertelet,abertelet9d@last.fm,Female,222.15.8.124
339,Callie,Tribble,ctribble9e@slashdot.org,Female,15.206.148.121
340,Arden,Tompkins,atompkins9f@businessinsider.com,Female,152.21.19.150
341,Catie,Dumpleton,cdumpleton9g@tuttocitta.it,Female,225.44.243.197
342,Dal,Neild,dneild9h@blogspot.com,Male,96.95.168.209
343,Zarah,Booth-Jarvis,zboothjarvis9i@bbb.org,Female,250.57.231.86
344,Sher,Drohan,sdrohan9j@psu.edu,Female,133.106.14.85
345,Erv,Grass,egrass9k@ocn.ne.jp,Male,79.85.183.66
346,Udall,Genthner,ugenthner9l@weebly.com,Male,231.11.47.119
347,Osmond,Magrane,omagrane9m@exblog.jp,Male,169.37.151.125
348,Suzanna,Kettell,skettell9n@jalbum.net,Female,32.64.104.65
349,Brian,Renny,brenny9o@technorati.com,Male,22.119.214.38
350,Roslyn,Heimann,rheimann9p@uiuc.edu,Female,35.173.144.193
351,Hester,Owlner,howlner9q@usnews.com,Female,173.220.33.244
352,Harwell,Loynes,hloynes9r@sfgate.com,Male,178.221.225.217
353,Giana,McDougall,gmcdougall9s@themeforest.net,Female,37.214.147.168
354,Catie,Every,cevery9t@oracle.com,Female,98.12.163.102
355,Donaugh,Dows,ddows9u@nih.gov,Male,221.56.230.209
356,Hillary,De Laspee,hdelaspee9v@unc.edu,Male,160.201.144.115
357,Rickard,Missen,rmissen9w@princeton.edu,Male,84.167.250.241
358,Jefferey,Scroggs,jscroggs9x@nps.gov,Male,35.168.85.131
359,Sabine,Thebes,sthebes9y@nasa.gov,Female,71.84.37.19
360,Louie,Bransden,lbransden9z@vk.com,Male,43.163.82.229
361,Filmore,Gulley,fgulleya0@icq.com,Male,170.127.66.242
362,Winonah,Meneyer,wmeneyera1@hao123.com,Female,82.16.215.18
363,Dasie,Pimmocke,dpimmockea2@youtube.com,Female,171.155.74.5
364,Zorah,Berard,zberarda3@elpais.com,Female,141.6.27.23
365,Gaynor,Vida,gvidaa4@apple.com,Female,25.147.196.77
366,Diane-marie,Dencs,ddencsa5@google.ru,Female,251.45.96.187
367,Siegfried,Halbert,shalberta6@oaic.gov.au,Male,218.11.29.135
368,Saunder,Loseby,slosebya7@wordpress.com,Male,192.11.184.171
369,Deeann,Greatrex,dgreatrexa8@moonfruit.com,Female,159.41.49.163
370,Huberto,Tortis,htortisa9@springer.com,Male,200.214.230.208
371,Kenton,Haggleton,khaggletonaa@paginegialle.it,Male,233.135.219.180
372,Sky,Scargill,sscargillab@seattletimes.com,Male,122.102.111.18
373,Jarad,Poleykett,jpoleykettac@trellian.com,Male,51.228.151.211
374,Winifield,Skeldon,wskeldonad@nsw.gov.au,Male,128.120.211.105
375,Lionel,Rubberts,lrubbertsae@1688.com,Male,121.245.15.119
376,Levy,Binion,lbinionaf@samsung.com,Male,246.93.12.173
377,Robinetta,Mohammed,rmohammedag@smugmug.com,Female,132.232.204.237
378,Oralie,Tomasello,otomaselloah@skyrock.com,Female,237.206.21.92
379,Marta,Auger,maugerai@51.la,Female,193.243.70.206
380,Fanni,Nulty,fnultyaj@mozilla.org,Female,30.162.163.158
381,Elisha,Bazire,ebazireak@businessweek.com,Male,204.96.122.242
382,Cindie,Pool,cpoolal@ehow.com,Female,159.86.247.171
383,Andros,Marten,amartenam@unblog.fr,Male,184.178.41.11
384,Juana,Kelby,jkelbyan@fda.gov,Female,141.116.136.157
385,Ab,Pearmain,apearmainao@webs.com,Male,9.117.105.158
386,Haroun,Faragan,hfaraganap@phpbb.com,Male,137.93.65.6
387,Essa,Espinola,eespinolaaq@geocities.jp,Female,193.222.137.129
388,Melesa,Aughton,maughtonar@booking.com,Female,140.180.130.138
389,Dev,Larman,dlarmanas@wix.com,Male,142.133.193.169
390,Marilee,Van Dalen,mvandalenat@sohu.com,Female,252.25.172.8
391,Konstantine,Cansdell,kcansdellau@so-net.ne.jp,Male,234.250.126.90
392,Bridget,Brushneen,bbrushneenav@delicious.com,Female,193.190.94.63
393,Arch,Newlan,anewlanaw@devhub.com,Male,6.123.82.88
394,Dorisa,Sunley,dsunleyax@apache.org,Female,126.17.242.171
395,Viola,Carneck,vcarneckay@boston.com,Female,130.167.254.187
396,Bastien,Maydwell,bmaydwellaz@ifeng.com,Male,1.124.117.179
397,Emerson,Oglesbee,eoglesbeeb0@google.cn,Male,54.133.19.139
398,Nissa,Beard,nbeardb1@hao123.com,Female,251.84.156.217
399,Herold,Karim,hkarimb2@princeton.edu,Male,243.43.147.18
400,Melly,Prudham,mprudhamb3@nsw.gov.au,Female,39.49.222.75
401,Charlene,Kiddie,ckiddieb4@wikipedia.org,Female,162.17.153.11
402,Valaree,Loch,vlochb5@nifty.com,Female,73.125.241.127
403,Heriberto,Redmell,hredmellb6@digg.com,Male,120.102.251.59
404,Thurston,Seamen,tseamenb7@ed.gov,Male,241.232.34.113
405,Rockey,Sirkett,rsirkettb8@earthlink.net,Male,113.231.145.243
406,Zachariah,Welfare,zwelfareb9@com.com,Male,246.8.70.249
407,Gay,Guerreiro,gguerreiroba@google.it,Female,177.67.71.13
408,Lorelei,Willacot,lwillacotbb@telegraph.co.uk,Female,250.25.64.65
409,Hymie,Sybry,hsybrybc@prweb.com,Male,224.89.126.65
410,Reynolds,Moff,rmoffbd@google.com,Male,126.21.31.115
411,Dacy,Whapples,dwhapplesbe@jiathis.com,Female,181.131.84.183
412,Esme,Featherby,efeatherbybf@time.com,Male,40.89.213.29
413,Ginelle,Markos,gmarkosbg@list-manage.com,Female,67.143.225.221
414,Kerry,Alesbrook,kalesbrookbh@nbcnews.com,Male,97.159.46.209
415,Florencia,Cargenven,fcargenvenbi@pcworld.com,Female,111.20.214.5
416,Lin,Blasl,lblaslbj@usa.gov,Female,227.72.191.149
417,Marta,Domanek,mdomanekbk@storify.com,Female,167.217.21.237
418,Eba,Gadie,egadiebl@google.co.jp,Female,255.51.130.40
419,Rip,Bromhead,rbromheadbm@reverbnation.com,Male,109.67.113.130
420,Adlai,Rilton,ariltonbn@quantcast.com,Male,5.206.136.251
421,Nada,Hillock,nhillockbo@nyu.edu,Female,56.23.253.177
422,Had,Donahue,hdonahuebp@dell.com,Male,94.82.59.76
423,Delores,Hewson,dhewsonbq@nationalgeographic.com,Female,59.191.105.72
424,Rina,Gaythorpe,rgaythorpebr@businessinsider.com,Female,182.198.205.120
425,Ted,Nacci,tnaccibs@stanford.edu,Male,17.55.163.84
426,Darren,Wyldish,dwyldishbt@rediff.com,Male,253.24.90.57
427,Cornell,Ornillos,cornillosbu@mtv.com,Male,58.67.148.93
428,Jayme,Metschke,jmetschkebv@vinaora.com,Male,159.42.144.188
429,Boothe,Pride,bpridebw@ehow.com,Male,180.103.8.97
430,Taddeusz,Strafen,tstrafenbx@latimes.com,Male,96.126.123.122
431,Arman,Parradice,aparradiceby@trellian.com,Male,32.74.245.53
432,Harmonie,Hubbucks,hhubbucksbz@canalblog.com,Female,209.252.21.113
433,Frank,Janouch,fjanouchc0@berkeley.edu,Male,85.164.219.39
434,Kristel,Gornall,kgornallc1@hugedomains.com,Female,80.107.175.153
435,Annmarie,Stephens,astephensc2@mozilla.org,Female,146.244.245.24
436,Shay,Bertelmot,sbertelmotc3@mozilla.org,Male,81.126.248.91
437,Dannie,Pash,dpashc4@wsj.com,Female,102.14.121.207
438,Roxanna,Sedgwick,rsedgwickc5@dagondesign.com,Female,62.243.187.80
439,Audrye,Ivakhnov,aivakhnovc6@dell.com,Female,194.54.210.252
440,Chris,Ager,cagerc7@t-online.de,Female,120.229.132.173
441,Danna,Lukins,dlukinsc8@amazon.co.jp,Female,84.191.235.55
442,Torrie,Golds,tgoldsc9@sakura.ne.jp,Female,113.181.154.171
443,Christophorus,Haizelden,chaizeldenca@hc360.com,Male,122.104.70.173
444,Donella,Mein,dmeincb@amazonaws.com,Female,165.142.179.24
445,Adrianna,Petrasso,apetrassocc@thetimes.co.uk,Female,41.93.3.58
446,Edd,Oertzen,eoertzencd@bbb.org,Male,10.158.65.49
447,Dill,Schust,dschustce@instagram.com,Male,145.34.59.53
448,Skipton,Ferris,sferriscf@ca.gov,Male,212.132.221.116
449,Erl,Phippen,ephippencg@free.fr,Male,51.238.22.196
450,Pincus,McLinden,pmclindench@prnewswire.com,Male,11.87.67.233
451,Jdavie,Isham,jishamci@sun.com,Male,152.159.6.68
452,Vlad,Benedicte,vbenedictecj@bloglines.com,Male,60.127.134.223
453,Lemmy,Rosenblatt,lrosenblattck@about.com,Male,200.34.180.32
454,Philippine,Oliva,polivacl@list-manage.com,Female,213.210.244.42
455,Nefen,Luckin,nluckincm@1und1.de,Male,235.140.117.119
456,Boycie,Bernaert,bbernaertcn@globo.com,Male,91.135.189.171
457,Delmer,Shearer,dshearerco@bandcamp.com,Male,24.248.243.186
458,Drugi,Walley,dwalleycp@elpais.com,Male,179.72.149.26
459,Meryl,Jerche,mjerchecq@angelfire.com,Female,159.176.154.144
460,Jayme,Darthe,jdarthecr@stumbleupon.com,Male,144.50.24.243
461,Jorey,Woodgate,jwoodgatecs@bluehost.com,Female,146.210.40.96
462,Nariko,Adrain,nadrainct@over-blog.com,Female,150.138.150.213
463,Talia,MacDowall,tmacdowallcu@bloglines.com,Female,97.60.230.31
464,Ruthi,Filippozzi,rfilippozzicv@amazon.com,Female,183.97.106.146
465,Maritsa,Perrie,mperriecw@istockphoto.com,Female,245.145.119.2
466,Thacher,Pigott,tpigottcx@time.com,Male,216.124.115.220
467,Shellysheldon,Alben,salbency@quantcast.com,Male,45.51.108.5
468,Reta,Linsley,rlinsleycz@yelp.com,Female,143.141.14.243
469,Dorena,Lethebridge,dlethebridged0@geocities.com,Female,253.189.68.81
470,Inger,Abrashkin,iabrashkind1@cargocollective.com,Male,12.199.56.253
471,Rozanne,MacDonogh,rmacdonoghd2@goo.gl,Female,191.70.145.21
472,Killie,Culshaw,kculshawd3@flavors.me,Male,83.213.151.47
473,Dulcia,Wasylkiewicz,dwasylkiewiczd4@amazonaws.com,Female,98.128.168.164
474,Nicolas,Selburn,nselburnd5@loc.gov,Male,52.74.139.182
475,Cynthea,Tchaikovsky,ctchaikovskyd6@sbwire.com,Female,105.136.193.240
476,Marigold,Drewett,mdrewettd7@ucoz.com,Female,24.75.84.238
477,Keefe,Root,krootd8@delicious.com,Male,28.65.94.143
478,Ardys,Cabena,acabenad9@hibu.com,Female,57.166.234.185
479,Ravid,Colquit,rcolquitda@wired.com,Male,101.138.196.22
480,Bevon,Slimm,bslimmdb@dot.gov,Male,56.221.222.236
481,Mikol,Hindmore,mhindmoredc@instagram.com,Male,138.150.179.130
482,Eolanda,Shelsher,eshelsherdd@miibeian.gov.cn,Female,184.207.96.255
483,Cassandry,Birch,cbirchde@phpbb.com,Female,134.224.27.163
484,Anabelle,Cluley,acluleydf@theatlantic.com,Female,66.187.224.118
485,Darsey,Hext,dhextdg@icq.com,Female,173.209.167.226
486,Elladine,Sheards,esheardsdh@senate.gov,Female,146.1.162.97
487,Angus,Lalevee,alaleveedi@storify.com,Male,31.112.195.122
488,Hayward,Strass,hstrassdj@wunderground.com,Male,210.96.143.18
489,Orlan,Spofford,ospofforddk@nature.com,Male,196.172.16.115
490,Caleb,Gerred,cgerreddl@amazon.co.jp,Male,27.41.82.240
491,Hillel,Newcombe,hnewcombedm@hp.com,Male,178.101.26.227
492,Ailsun,Crudgington,acrudgingtondn@issuu.com,Female,153.219.49.154
493,Felice,Neads,fneadsdo@technorati.com,Female,168.76.104.11
494,Maximo,Kairns,mkairnsdp@dion.ne.jp,Male,64.125.72.58
495,Sonya,Alster,salsterdq@pbs.org,Female,60.228.233.46
496,Clarita,Crosse,ccrossedr@github.com,Female,89.120.238.6
497,Chevalier,Whittlesey,cwhittleseyds@list-manage.com,Male,116.69.98.66
498,Kirstin,Drayn,kdrayndt@sakura.ne.jp,Female,174.31.120.101
499,Sharleen,Vinter,svinterdu@amazon.co.jp,Female,248.192.33.74
500,Ray,Pratley,rpratleydv@merriam-webster.com,Male,109.167.21.229
501,Glenden,Rothon,grothondw@washingtonpost.com,Male,155.4.89.203
502,Crista,Lupton,cluptondx@usnews.com,Female,87.251.101.3
503,Adair,Orgen,aorgendy@unblog.fr,Male,232.176.37.199
504,Mayne,Decourt,mdecourtdz@chicagotribune.com,Male,44.24.253.178
505,Fairlie,MacMenamin,fmacmenamine0@chronoengine.com,Male,112.162.10.46
506,Rhody,Wrettum,rwrettume1@angelfire.com,Female,132.45.3.46
507,Nevsa,Cattanach,ncattanache2@feedburner.com,Female,69.203.175.138
508,Alfons,Stilgo,astilgoe3@sun.com,Male,175.166.150.164
509,Benedetto,Ladd,bladde4@barnesandnoble.com,Male,156.102.61.184
510,Carmella,Pickersail,cpickersaile5@qq.com,Female,106.156.130.227
511,Aggy,Neames,aneamese6@cornell.edu,Female,92.76.208.99
512,Chad,Goulbourne,cgoulbournee7@dailymotion.com,Male,52.57.187.251
513,Bank,Nouch,bnouche8@nps.gov,Male,71.157.59.252
514,Valina,Caudwell,vcaudwelle9@wordpress.com,Female,42.199.198.30
515,Denyse,Bubeer,dbubeerea@mail.ru,Female,168.9.65.95
516,Tamqrah,Burdikin,tburdikineb@reuters.com,Female,97.190.24.114
517,Westleigh,Brierton,wbriertonec@fda.gov,Male,211.82.228.143
518,Kelli,Dilley,kdilleyed@reference.com,Female,116.74.88.159
519,Mervin,Varren,mvarrenee@networkadvertising.org,Male,209.230.199.12
520,Steven,Duckerin,sduckerinef@google.com.au,Male,101.163.182.217
521,Clemmy,Arents,carentseg@mediafire.com,Male,180.3.104.224
522,Corry,Hightown,chightowneh@shareasale.com,Female,41.186.36.44
523,Xena,Pankethman,xpankethmanei@people.com.cn,Female,248.152.29.155
524,Winne,Towsey,wtowseyej@w3.org,Female,70.237.149.101
525,Brewer,Thacker,bthackerek@nifty.com,Male,180.140.240.113
526,Margery,Pykett,mpykettel@nifty.com,Female,95.126.118.178
527,Rasla,Methven,rmethvenem@opensource.org,Female,140.150.58.136
528,Rickard,Ordemann,rordemannen@amazon.de,Male,50.34.183.201
529,Alexis,Boag,aboageo@ted.com,Female,151.95.107.205
530,Jedidiah,Strode,jstrodeep@google.com.au,Male,66.87.171.83
531,Lizbeth,Newe,lneweeq@reverbnation.com,Female,21.150.175.241
532,Marys,Hinckes,mhinckeser@amazon.com,Female,26.54.82.214
533,Twyla,Josovitz,tjosovitzes@xing.com,Female,127.152.218.211
534,Ann-marie,Magnar,amagnaret@phoca.cz,Female,182.159.140.211
535,Ailsun,Kerins,akerinseu@howstuffworks.com,Female,156.164.49.228
536,Nissie,Windus,nwindusev@1und1.de,Female,178.152.197.28
537,Ingra,Winspire,iwinspireew@printfriendly.com,Male,20.87.0.123
538,Kessiah,MacKibbon,kmackibbonex@jigsy.com,Female,255.125.76.108
539,Nate,Doerling,ndoerlingey@un.org,Male,157.247.57.133
540,Field,Roycraft,froycraftez@multiply.com,Male,11.178.35.129
541,Spencer,Southerell,ssoutherellf0@com.com,Male,174.255.58.155
542,Tandy,Jewett,tjewettf1@lycos.com,Female,56.15.162.99
543,Lola,Ashlee,lashleef2@si.edu,Female,253.253.9.83
544,Rosalind,Friedank,rfriedankf3@dyndns.org,Female,81.144.233.140
545,Thor,Lent,tlentf4@discovery.com,Male,20.222.54.26
546,Rory,Menear,rmenearf5@latimes.com,Male,22.163.198.247
547,Yolande,Minty,ymintyf6@tripod.com,Female,137.172.176.170
548,Alethea,Cristol,acristolf7@state.tx.us,Female,247.121.247.28
549,Wylie,Darmody,wdarmodyf8@facebook.com,Male,27.137.14.76
550,Urson,Pol,upolf9@google.com.br,Male,124.30.238.220
551,Kingsley,Catterill,kcatterillfa@berkeley.edu,Male,91.246.173.111
552,Ramon,Haughin,rhaughinfb@over-blog.com,Male,155.26.217.182
553,Wake,Vinden,wvindenfc@mit.edu,Male,234.152.77.227
554,Novelia,Saturley,nsaturleyfd@geocities.com,Female,61.100.238.106
555,Sherwood,Hamber,shamberfe@slate.com,Male,182.183.6.8
556,Yovonnda,Fawkes,yfawkesff@illinois.edu,Female,12.99.113.214
557,Katherine,Paolo,kpaolofg@paypal.com,Female,77.180.93.53
558,Jock,Waldera,jwalderafh@weebly.com,Male,90.198.95.116
559,Germain,Tezure,gtezurefi@cyberchimps.com,Male,157.159.247.242
560,Jen,Damp,jdampfj@trellian.com,Female,136.141.70.20
561,Atalanta,Burnside,aburnsidefk@blogtalkradio.com,Female,138.116.179.156
562,Hallsy,Pigne,hpignefl@nydailynews.com,Male,63.25.84.254
563,Rodrick,Staterfield,rstaterfieldfm@rambler.ru,Male,129.98.228.95
564,Agace,Gillford,agillfordfn@dmoz.org,Female,59.15.255.43
565,Winne,Ausiello,wausiellofo@furl.net,Female,157.56.78.72
566,Mandi,Corneliussen,mcorneliussenfp@macromedia.com,Female,177.109.147.170
567,Ariadne,Joslow,ajoslowfq@facebook.com,Female,243.11.42.11
568,Cilka,Poxton,cpoxtonfr@behance.net,Female,68.27.187.188
569,Hammad,Foot,hfootfs@nyu.edu,Male,147.78.198.118
570,Estrella,Mullarkey,emullarkeyft@artisteer.com,Female,195.61.139.87
571,Sela,Danelut,sdanelutfu@cbslocal.com,Female,28.240.145.131
572,Demetris,Ekkel,dekkelfv@gravatar.com,Male,8.186.69.228
573,Dov,Casiroli,dcasirolifw@facebook.com,Male,70.1.251.186
574,Olav,Wakelin,owakelinfx@baidu.com,Male,187.224.204.151
575,Danya,Tarrant,dtarrantfy@vk.com,Male,83.247.241.84
576,Angela,Carlill,acarlillfz@wisc.edu,Female,3.206.173.20
577,Enrique,Chesman,echesmang0@shop-pro.jp,Male,238.75.15.1
578,Justin,Postance,jpostanceg1@guardian.co.uk,Male,142.126.133.55
579,Gene,Batcock,gbatcockg2@wikipedia.org,Female,198.91.217.169
580,Joyann,Costello,jcostellog3@google.fr,Female,149.8.78.181
581,Liam,Linggard,llinggardg4@sun.com,Male,206.253.223.243
582,Lauri,Simester,lsimesterg5@mlb.com,Female,173.204.235.218
583,Kassandra,Kembry,kkembryg6@amazon.co.uk,Female,242.45.127.223
584,Amalia,Vallender,avallenderg7@ucsd.edu,Female,174.151.165.158
585,Isaac,Duckit,iduckitg8@i2i.jp,Male,62.237.33.6
586,Stacee,Bruhn,sbruhng9@exblog.jp,Male,55.21.229.128
587,Dominga,Ure,durega@jalbum.net,Female,114.21.218.213
588,Art,Blackborow,ablackborowgb@berkeley.edu,Male,208.99.174.50
589,Noami,Humfrey,nhumfreygc@miibeian.gov.cn,Female,222.75.135.64
590,Gretna,Baggalley,gbaggalleygd@smh.com.au,Female,2.243.158.78
591,Salli,Winsper,swinsperge@google.com.hk,Female,203.96.71.13
592,Gay,Quig,gquiggf@canalblog.com,Male,190.208.168.142
593,Markus,Elfe,melfegg@cloudflare.com,Male,248.51.0.197
594,Phyllys,Oiller,poillergh@psu.edu,Female,193.196.108.68
595,Jana,Wandrack,jwandrackgi@storify.com,Female,23.177.33.149
596,Morgen,Merali,mmeraligj@businessweek.com,Male,96.57.215.181
597,Orren,Earley,oearleygk@paypal.com,Male,156.140.246.221
598,Guglielmo,Attle,gattlegl@va.gov,Male,156.248.85.27
599,Kristian,Piet,kpietgm@simplemachines.org,Male,174.160.104.251
600,Kay,Bobasch,kbobaschgn@naver.com,Female,35.210.249.199
601,Dom,Moorton,dmoortongo@ucla.edu,Male,2.28.129.65
602,Fitzgerald,Quenby,fquenbygp@techcrunch.com,Male,183.207.87.163
603,Lemmy,Carbin,lcarbingq@cnn.com,Male,166.6.154.82
604,Merrill,Knolles-Green,mknollesgreengr@com.com,Female,243.186.61.196
605,Jerrie,McDirmid,jmcdirmidgs@opensource.org,Male,209.158.149.182
606,Leslie,Philpots,lphilpotsgt@cbsnews.com,Female,232.232.6.246
607,Barbabra,Goodale,bgoodalegu@flavors.me,Female,136.182.164.45
608,Todd,Screech,tscreechgv@wunderground.com,Male,103.82.85.63
609,Gelya,Gommey,ggommeygw@fema.gov,Female,136.202.21.53
610,Clemmie,Michelotti,cmichelottigx@macromedia.com,Male,146.48.9.234
611,Gweneth,Linkin,glinkingy@dion.ne.jp,Female,102.82.51.207
612,Eleanore,Georg,egeorggz@bloglines.com,Female,229.207.38.11
613,Ashil,Snoad,asnoadh0@delicious.com,Female,223.93.86.106
614,Felice,Olczyk,folczykh1@furl.net,Male,110.37.111.180
615,Ronnica,Antonio,rantonioh2@craigslist.org,Female,90.217.73.92
616,Cody,Evitt,cevitth3@opensource.org,Female,172.244.135.241
617,Sylvia,Halligan,shalliganh4@hhs.gov,Female,0.231.163.129
618,Renaldo,Hearl,rhearlh5@51.la,Male,240.38.60.202
619,Maurine,Henrys,mhenrysh6@forbes.com,Female,236.151.109.45
620,Glenden,Cianni,gciannih7@rambler.ru,Male,44.10.111.107
621,Ammamaria,Smeuin,asmeuinh8@furl.net,Female,106.188.94.75
622,Augustina,Stanborough,astanboroughh9@ucla.edu,Female,78.251.80.217
623,Marilin,Bompas,mbompasha@studiopress.com,Female,61.119.37.240
624,Edwina,Bolzmann,ebolzmannhb@ox.ac.uk,Female,19.103.210.215
625,Corrina,Lilley,clilleyhc@vimeo.com,Female,15.118.161.130
626,Alfred,Boam,aboamhd@usa.gov,Male,0.154.160.153
627,Norrie,Matej,nmatejhe@uol.com.br,Male,81.132.70.118
628,Hansiain,Weben,hwebenhf@sakura.ne.jp,Male,218.183.251.228
629,Minta,Camell,mcamellhg@posterous.com,Female,141.155.148.76
630,Krista,Sword,kswordhh@google.fr,Female,115.160.190.202
631,Hurlee,McLeese,hmcleesehi@cdc.gov,Male,242.59.215.200
632,Mart,Glidden,mgliddenhj@abc.net.au,Male,169.191.192.168
633,Paul,Vedishchev,pvedishchevhk@google.com.br,Male,42.62.32.11
634,Edan,Harower,eharowerhl@meetup.com,Male,143.197.168.242
635,Guthrie,Willis,gwillishm@army.mil,Male,76.124.19.57
636,Federico,Barkway,fbarkwayhn@is.gd,Male,254.255.240.196
637,Patsy,Gather,pgatherho@google.nl,Male,2.60.133.66
638,Wilhelm,Ewence,wewencehp@woothemes.com,Male,135.160.207.84
639,Peggy,Farnin,pfarninhq@wufoo.com,Female,83.242.246.77
640,Myrtie,Ugo,mugohr@nsw.gov.au,Female,149.247.7.4
641,Tory,Goldston,tgoldstonhs@tinypic.com,Female,66.85.212.214
642,Rickie,Kolodziejski,rkolodziejskiht@yahoo.com,Female,159.235.218.136
643,Manuel,Aspel,maspelhu@cbc.ca,Male,181.54.151.42
644,Allegra,Norcott,anorcotthv@shareasale.com,Female,230.227.13.28
645,Robbie,Sadlier,rsadlierhw@cbsnews.com,Male,228.2.149.56
646,Kary,Yurevich,kyurevichhx@artisteer.com,Female,17.237.95.190
647,Dodie,Berceros,dberceroshy@naver.com,Female,76.222.160.120
648,Sayre,Bound,sboundhz@dropbox.com,Male,188.100.140.111
649,Carlie,O'Hartnett,cohartnetti0@edublogs.org,Female,213.102.4.71
650,Dione,Corroyer,dcorroyeri1@tripadvisor.com,Female,19.227.247.187
651,Townie,Cahey,tcaheyi2@princeton.edu,Male,6.64.169.97
652,Nellie,Agastina,nagastinai3@github.io,Female,110.68.100.172
653,Elsy,Durtnal,edurtnali4@slate.com,Female,107.130.20.170
654,Brendin,Giorio,bgiorioi5@dot.gov,Male,226.137.175.50
655,Vernen,Tiffany,vtiffanyi6@t.co,Male,53.18.66.234
656,Fanni,Payfoot,fpayfooti7@prweb.com,Female,252.92.188.25
657,Levey,Bidwell,lbidwelli8@seattletimes.com,Male,171.117.175.154
658,Georgeanna,Jonczyk,gjonczyki9@rediff.com,Female,5.141.185.38
659,Chip,Stimson,cstimsonia@slate.com,Male,243.233.8.174
660,Erek,Cordes,ecordesib@seattletimes.com,Male,28.191.159.243
661,Imogen,Pendrid,ipendridic@go.com,Female,96.115.69.245
662,Susi,Antoshin,santoshinid@digg.com,Female,250.169.207.29
663,Pepillo,Traher,ptraherie@virginia.edu,Male,11.230.122.85
664,Mabelle,Brimicombe,mbrimicombeif@imageshack.us,Female,63.10.99.25
665,Aurore,Aspy,aaspyig@psu.edu,Female,230.235.226.136
666,Marigold,Capoun,mcapounih@illinois.edu,Female,47.161.173.71
667,Alejandra,Robatham,arobathamii@xing.com,Female,49.199.123.187
668,Riley,Pilmer,rpilmerij@guardian.co.uk,Male,132.168.210.213
669,Aundrea,Van der Kruis,avanderkruisik@cmu.edu,Female,73.170.193.38
670,Aubert,Bernucci,abernucciil@eventbrite.com,Male,94.87.34.143
671,Anstice,Sterrick,asterrickim@blogger.com,Female,54.99.165.29
672,Davin,Piquard,dpiquardin@addthis.com,Male,124.23.13.235
673,Piper,Kennsley,pkennsleyio@mail.ru,Female,37.173.86.238
674,Eyde,Campany,ecampanyip@wix.com,Female,68.53.239.108
675,Fulvia,Babbe,fbabbeiq@amazon.co.uk,Female,179.222.202.189
676,Vladamir,Campion,vcampionir@about.com,Male,145.215.47.76
677,Clemmy,Dunk,cdunkis@is.gd,Male,19.152.172.35
678,Kahaleel,Cottill,kcottillit@topsy.com,Male,104.208.85.204
679,Adoree,Retallack,aretallackiu@washingtonpost.com,Female,55.6.180.98
680,Seymour,Cattroll,scattrolliv@deliciousdays.com,Male,88.231.169.201
681,Stesha,Kenderdine,skenderdineiw@studiopress.com,Female,44.74.175.13
682,Florence,Lendrem,flendremix@dropbox.com,Female,172.127.220.159
683,Agatha,Harrema,aharremaiy@slate.com,Female,127.63.88.105
684,Ianthe,Aspling,iasplingiz@go.com,Female,178.157.55.224
685,Jayme,Roskell,jroskellj0@t.co,Male,199.244.141.195
686,Darla,Rosle,droslej1@prweb.com,Female,235.57.26.4
687,Anabal,Jacklings,ajacklingsj2@e-recht24.de,Female,155.161.88.45
688,Gloriane,Bullers,gbullersj3@upenn.edu,Female,26.244.51.46
689,Margaret,Bridden,mbriddenj4@bloomberg.com,Female,159.244.64.30
690,Theobald,Crutch,tcrutchj5@geocities.jp,Male,201.200.92.14
691,Braden,Byatt,bbyattj6@alibaba.com,Male,214.45.247.235
692,Alexandrina,Dunstone,adunstonej7@livejournal.com,Female,43.236.81.57
693,Leonidas,Coysh,lcoyshj8@mysql.com,Male,85.201.28.221
694,Tye,Werndley,twerndleyj9@google.com.au,Male,123.167.111.78
695,Thaxter,Brogden,tbrogdenja@behance.net,Male,142.49.121.48
696,Antonia,Beckwith,abeckwithjb@spotify.com,Female,218.200.114.198
697,Benny,Fitzsymonds,bfitzsymondsjc@mlb.com,Male,4.168.166.75
698,Lonnie,Sappy,lsappyjd@about.me,Male,139.219.141.102
699,Margery,Chaize,mchaizeje@opera.com,Female,1.38.222.39
700,Kandace,Ivanikov,kivanikovjf@seesaa.net,Female,54.35.70.201
701,Kaila,Phebey,kphebeyjg@hao123.com,Female,86.114.176.30
702,Corbett,Gepheart,cgepheartjh@walmart.com,Male,224.74.237.137
703,Milena,Poone,mpooneji@hugedomains.com,Female,105.34.108.149
704,Charley,Plover,cploverjj@nifty.com,Male,177.5.151.159
705,Theobald,Maseres,tmaseresjk@oakley.com,Male,129.119.253.220
706,Ilyssa,Chamberlaine,ichamberlainejl@nbcnews.com,Female,151.7.40.81
707,Dorian,Mattessen,dmattessenjm@jugem.jp,Female,209.56.248.241
708,Gordan,Pieter,gpieterjn@sciencedaily.com,Male,205.132.216.206
709,Cortie,Zorro,czorrojo@macromedia.com,Male,243.15.39.77
710,Hadlee,Spridgen,hspridgenjp@cnbc.com,Male,209.5.234.225
711,Michail,Giraldon,mgiraldonjq@wired.com,Male,209.114.77.14
712,Howey,Kinavan,hkinavanjr@barnesandnoble.com,Male,50.78.175.120
713,Erasmus,Cough,ecoughjs@t-online.de,Male,7.176.136.236
714,Frazier,Baudrey,fbaudreyjt@sohu.com,Male,219.36.33.235
715,Katya,Cringle,kcringleju@printfriendly.com,Female,78.216.132.135
716,Boy,Summerscales,bsummerscalesjv@github.io,Male,204.111.0.217
717,Sosanna,Nisbet,snisbetjw@instagram.com,Female,8.42.117.13
718,Bradan,Seage,bseagejx@hhs.gov,Male,189.97.186.10
719,Annabell,Goodbanne,agoodbannejy@instagram.com,Female,206.191.132.52
720,Seamus,Langton,slangtonjz@ucla.edu,Male,194.162.183.227
721,Granville,Domonkos,gdomonkosk0@hexun.com,Male,156.173.141.200
722,Kimbra,Dillimore,kdillimorek1@smh.com.au,Female,130.113.112.30
723,Tabor,Rehorek,trehorekk2@homestead.com,Male,135.126.76.94
724,Codie,Hyett,chyettk3@twitter.com,Male,19.14.223.20
725,Peria,Patillo,ppatillok4@mediafire.com,Female,96.140.230.86
726,Candis,Soeiro,csoeirok5@cnbc.com,Female,48.23.76.123
727,Ezmeralda,Aingell,eaingellk6@plala.or.jp,Female,165.122.22.55
728,Torrey,Comazzo,tcomazzok7@wikimedia.org,Male,48.207.226.246
729,Karina,Jessett,kjessettk8@woothemes.com,Female,118.254.133.29
730,Zollie,Hethron,zhethronk9@japanpost.jp,Male,118.168.210.152
731,Chelsey,Pattenden,cpattendenka@twitter.com,Female,48.48.75.96
732,Bendicty,Eveque,bevequekb@chronoengine.com,Male,107.181.20.4
733,Merrilee,Kopfen,mkopfenkc@theglobeandmail.com,Female,103.198.2.190
734,Annice,MacLeese,amacleesekd@msu.edu,Female,224.179.66.126
735,Geordie,Mollnar,gmollnarke@google.nl,Male,197.231.154.192
736,Emelen,McBryde,emcbrydekf@engadget.com,Male,36.155.116.177
737,Gwyn,Pallatina,gpallatinakg@miibeian.gov.cn,Female,199.53.126.45
738,Steffi,Rosier,srosierkh@columbia.edu,Female,66.194.102.26
739,Janith,Lacaze,jlacazeki@tiny.cc,Female,124.62.102.248
740,Roy,Hambridge,rhambridgekj@whitehouse.gov,Male,29.3.35.157
741,Jocelyn,Porcas,jporcaskk@wix.com,Female,100.113.4.240
742,Mattie,Redferne,mredfernekl@drupal.org,Male,96.156.246.67
743,Schuyler,Finley,sfinleykm@baidu.com,Male,185.32.121.6
744,Hammad,Grummitt,hgrummittkn@about.com,Male,147.180.200.195
745,Rudiger,Redmell,rredmellko@washington.edu,Male,178.206.169.150
746,Lindsey,Kidner,lkidnerkp@washington.edu,Male,91.113.149.10
747,Iggy,Benford,ibenfordkq@house.gov,Male,222.38.18.227
748,Fey,Boyat,fboyatkr@mail.ru,Female,116.177.0.119
749,Moria,Carryer,mcarryerks@goo.gl,Female,148.34.74.6
750,Candis,Tombling,ctomblingkt@disqus.com,Female,254.22.38.226
751,Roddie,Kirkland,rkirklandku@foxnews.com,Male,150.157.195.81
752,Haily,Strathman,hstrathmankv@gmpg.org,Male,11.99.183.8
753,Caitrin,Maclean,cmacleankw@economist.com,Female,238.88.121.74
754,Belva,Coniam,bconiamkx@eventbrite.com,Female,226.0.100.89
755,Maitilde,Sexton,msextonky@tmall.com,Female,135.161.57.189
756,Antonius,Claypoole,aclaypoolekz@xing.com,Male,32.220.106.223
757,Shelton,Leverson,sleversonl0@artisteer.com,Male,22.83.223.196
758,Leona,Gearty,lgeartyl1@newyorker.com,Female,16.241.73.65
759,Maurene,Iacomini,miacominil2@biblegateway.com,Female,224.137.89.227
760,Holt,Glackin,hglackinl3@qq.com,Male,223.194.166.154
761,Melodie,Blazy,mblazyl4@g.co,Female,86.96.247.227
762,Sybil,Hodjetts,shodjettsl5@posterous.com,Female,154.59.84.28
763,Gregoire,Myner,gmynerl6@arstechnica.com,Male,19.230.73.188
764,Pennie,Codman,pcodmanl7@example.com,Male,3.32.161.133
765,Frank,Craske,fcraskel8@theguardian.com,Female,102.209.92.136
766,Addie,Gawen,agawenl9@sphinn.com,Male,225.127.216.124
767,Ronald,Jesteco,rjestecola@fema.gov,Male,144.142.172.206
768,Giana,Drayson,gdraysonlb@sourceforge.net,Female,120.81.229.39
769,Row,Brandrick,rbrandricklc@columbia.edu,Female,177.231.96.169
770,Barr,Alebrooke,balebrookeld@soundcloud.com,Male,79.203.168.98
771,Harvey,Widdison,hwiddisonle@tuttocitta.it,Male,118.103.9.158
772,Tiffi,Taudevin,ttaudevinlf@wp.com,Female,154.197.43.110
773,Zahara,Clash,zclashlg@jiathis.com,Female,145.172.9.102
774,Nikos,Cleal,ncleallh@sbwire.com,Male,255.240.63.166
775,Erasmus,Villaret,evillaretli@wordpress.com,Male,207.47.6.124
776,Alameda,Laidler,alaidlerlj@opera.com,Female,160.48.136.29
777,Franciska,Gratrex,fgratrexlk@sun.com,Female,198.187.191.22
778,Dom,Behneke,dbehnekell@cmu.edu,Male,99.240.11.231
779,Niko,Asken,naskenlm@people.com.cn,Male,190.156.135.137
780,Corbie,Colchett,ccolchettln@surveymonkey.com,Male,189.90.164.237
781,Candi,Swede,cswedelo@ovh.net,Female,173.2.252.126
782,Binny,Lief,blieflp@about.me,Female,126.42.8.214
783,Irvine,Beincken,ibeinckenlq@mit.edu,Male,80.34.11.234
784,Esma,Nanson,enansonlr@wix.com,Female,118.255.255.64
785,Dale,Goodlud,dgoodludls@sun.com,Male,69.90.72.71
786,Mirabelle,Awcock,mawcocklt@paypal.com,Female,137.38.187.208
787,Aube,Ary,aarylu@ox.ac.uk,Male,193.173.91.90
788,Cloris,Churchward,cchurchwardlv@noaa.gov,Female,128.187.210.115
789,Gael,Granville,ggranvillelw@shareasale.com,Female,111.109.178.197
790,Patrizio,Vyvyan,pvyvyanlx@elpais.com,Male,219.155.119.217
791,Giffard,Hover,ghoverly@eventbrite.com,Male,37.216.56.188
792,Lew,Petruskevich,lpetruskevichlz@google.cn,Male,222.112.52.94
793,Waneta,Jerdon,wjerdonm0@cbc.ca,Female,96.143.9.255
794,Baldwin,Pietrowicz,bpietrowiczm1@google.ca,Male,123.166.191.12
795,Margarete,Carress,mcarressm2@constantcontact.com,Female,110.69.71.10
796,Allayne,Suerz,asuerzm3@jalbum.net,Male,56.195.160.162
797,Klaus,Reardon,kreardonm4@wunderground.com,Male,17.55.77.39
798,Laurianne,Kiln,lkilnm5@desdev.cn,Female,96.157.229.89
799,Jules,Platts,jplattsm6@nytimes.com,Male,85.5.204.246
800,Oren,Mapples,omapplesm7@weather.com,Male,105.104.47.187
801,Deni,Blowin,dblowinm8@scientificamerican.com,Female,45.164.248.92
802,Barrett,Coldman,bcoldmanm9@geocities.jp,Male,198.12.63.226
803,Dinny,Rafter,drafterma@techcrunch.com,Female,103.4.0.200
804,Elvyn,Parkey,eparkeymb@unesco.org,Male,190.169.236.87
805,Everard,Bebbell,ebebbellmc@aboutads.info,Male,143.150.232.164
806,Enriqueta,Treen,etreenmd@squarespace.com,Female,243.119.50.210
807,Nicholle,Inmett,ninmettme@trellian.com,Female,161.174.158.12
808,Benito,Dable,bdablemf@google.co.uk,Male,188.77.146.150
809,Renado,McEttigen,rmcettigenmg@pcworld.com,Male,235.185.7.183
810,Garvey,Renols,grenolsmh@hexun.com,Male,118.249.205.54
811,Jeremiah,Criple,jcriplemi@surveymonkey.com,Male,160.114.136.74
812,Haroun,Monckton,hmoncktonmj@freewebs.com,Male,174.57.168.216
813,Zandra,Inkpin,zinkpinmk@ovh.net,Female,56.174.113.48
814,Isidoro,Dumphries,idumphriesml@va.gov,Male,41.234.125.115
815,Osmund,Bennallck,obennallckmm@google.nl,Male,53.21.33.54
816,Bab,Swinyard,bswinyardmn@bing.com,Female,128.39.134.104
817,Gae,Meir,gmeirmo@nba.com,Female,4.156.81.199
818,Ricoriki,Morratt,rmorrattmp@dagondesign.com,Male,136.31.9.40
819,Dorothy,Balf,dbalfmq@webnode.com,Female,202.173.33.145
820,Thorn,Zappel,tzappelmr@imdb.com,Male,94.92.170.181
821,Shayne,Imlin,simlinms@squarespace.com,Male,216.94.77.153
822,Brenna,Wybron,bwybronmt@ebay.co.uk,Female,193.97.30.75
823,Lief,Nuemann,lnuemannmu@harvard.edu,Male,151.62.37.211
824,Wright,Czaja,wczajamv@booking.com,Male,19.37.247.198
825,Ellswerth,Loughney,eloughneymw@patch.com,Male,191.176.137.246
826,Celine,Elliman,cellimanmx@biblegateway.com,Female,77.234.245.17
827,Chalmers,Burleigh,cburleighmy@admin.ch,Male,63.194.206.136
828,Killy,Pee,kpeemz@canalblog.com,Male,103.168.82.91
829,Chiquia,Corssen,ccorssenn0@cargocollective.com,Female,116.53.187.244
830,Susana,Mulroy,smulroyn1@skype.com,Female,223.203.106.30
831,Mersey,Winpenny,mwinpennyn2@csmonitor.com,Female,6.8.223.176
832,Ottilie,Tailby,otailbyn3@google.de,Female,194.170.38.108
833,Antoni,Vakhrushev,avakhrushevn4@un.org,Male,5.54.139.222
834,Yul,Shankster,yshankstern5@oaic.gov.au,Male,156.247.152.3
835,Jodie,Muriel,jmurieln6@weibo.com,Male,224.76.10.55
836,Valentine,Gillise,vgillisen7@mit.edu,Female,9.196.233.18
837,Drew,Beebis,dbeebisn8@example.com,Male,99.216.157.193
838,Almeda,Feechum,afeechumn9@howstuffworks.com,Female,49.13.243.231
839,Sigismond,Whorall,swhorallna@theguardian.com,Male,185.108.206.85
840,Bridgette,Bird,bbirdnb@youtu.be,Female,15.75.160.247
841,Rhianna,Mortell,rmortellnc@answers.com,Female,238.237.245.210
842,Conrado,Flisher,cflishernd@senate.gov,Male,239.162.112.5
843,Candide,Mellem,cmellemne@soup.io,Female,195.203.129.221
844,Maurie,Dorran,mdorrannf@army.mil,Male,139.173.203.154
845,Adan,Gorvette,agorvetteng@admin.ch,Male,192.160.73.182
846,Karlyn,Reightley,kreightleynh@mit.edu,Female,122.148.77.214
847,Grayce,Sabben,gsabbenni@gmpg.org,Female,8.165.92.236
848,Darda,Kehri,dkehrinj@google.it,Female,241.245.94.8
849,Angelica,Bilverstone,abilverstonenk@noaa.gov,Female,45.25.85.230
850,Alexandrina,Carcass,acarcassnl@weibo.com,Female,208.243.117.125
851,Brice,Cobleigh,bcobleighnm@xing.com,Male,148.218.54.187
852,Freddy,Tatnell,ftatnellnn@studiopress.com,Male,7.134.94.57
853,Lazar,Bankhurst,lbankhurstno@woothemes.com,Male,231.127.185.47
854,Cly,Stanlake,cstanlakenp@artisteer.com,Male,129.59.111.154
855,Anjanette,Markos,amarkosnq@amazon.com,Female,27.190.163.66
856,Zebadiah,Faull,zfaullnr@dyndns.org,Male,243.109.36.92
857,Freddi,Raubenheimers,fraubenheimersns@youtube.com,Female,230.205.4.242
858,Natty,Baythrop,nbaythropnt@paginegialle.it,Female,248.8.110.66
859,Westley,Shawcross,wshawcrossnu@shutterfly.com,Male,135.176.20.71
860,Sasha,De la Yglesia,sdelayglesianv@wikispaces.com,Male,233.142.206.19
861,Broderick,Seedhouse,bseedhousenw@amazon.com,Male,78.239.183.156
862,Robbyn,Lavens,rlavensnx@google.ca,Female,244.22.75.53
863,Melina,Bockings,mbockingsny@webmd.com,Female,177.6.36.10
864,Adah,Fender,afendernz@people.com.cn,Female,186.195.103.251
865,Nathaniel,Bruckner,nbrucknero0@pen.io,Male,63.160.143.206
866,Magdalene,Have,mhaveo1@typepad.com,Female,147.3.208.112
867,Kelcy,Gadault,kgadaulto2@myspace.com,Female,187.77.144.28
868,Gualterio,Oosthout de Vree,goosthoutdevreeo3@sohu.com,Male,1.43.83.17
869,Brandy,Grishanov,bgrishanovo4@youku.com,Male,107.8.72.100
870,Cordelia,Heam,cheamo5@patch.com,Female,102.45.1.65
871,Urson,Martensen,umartenseno6@patch.com,Male,249.84.41.49
872,Hillary,Kornilyev,hkornilyevo7@webeden.co.uk,Male,31.159.229.203
873,Merwyn,Ruggs,mruggso8@sciencedaily.com,Male,198.3.175.143
874,Meggie,Norcliff,mnorcliffo9@independent.co.uk,Female,224.35.148.234
875,Brittaney,Kunneke,bkunnekeoa@themeforest.net,Female,89.246.122.124
876,Clayton,Lars,clarsob@livejournal.com,Male,208.96.5.26
877,Neala,Maloney,nmaloneyoc@ox.ac.uk,Female,199.127.138.25
878,Alic,Baptiste,abaptisteod@constantcontact.com,Male,129.60.22.109
879,Willey,Kuhl,wkuhloe@aboutads.info,Male,1.50.118.77
880,Palm,Geharke,pgeharkeof@dailymail.co.uk,Male,208.241.113.53
881,Carlyle,Vear,cvearog@delicious.com,Male,77.145.26.241
882,Edouard,Jobes,ejobesoh@lycos.com,Male,248.73.38.89
883,Claire,Scotchmur,cscotchmuroi@wufoo.com,Female,50.189.186.16
884,Tiphani,Owlner,towlneroj@oakley.com,Female,96.238.156.83
885,Violetta,Gallanders,vgallandersok@vimeo.com,Female,172.22.212.193
886,Pearl,Couttes,pcouttesol@redcross.org,Female,41.185.244.137
887,Almire,Penny,apennyom@pcworld.com,Female,181.18.129.25
888,Merla,Bowton,mbowtonon@sphinn.com,Female,95.227.83.136
889,Nathalie,Cuniffe,ncuniffeoo@google.es,Female,158.81.160.151
890,Emory,Brunet,ebrunetop@redcross.org,Male,216.247.207.231
891,Tucky,Vasiltsov,tvasiltsovoq@businessweek.com,Male,207.106.50.170
892,Honey,Toffetto,htoffettoor@google.de,Female,246.155.218.7
893,Belicia,Selland,bsellandos@wisc.edu,Female,100.56.182.19
894,Babette,MacElane,bmacelaneot@xing.com,Female,131.1.69.22
895,Nicky,Chatwood,nchatwoodou@bravesites.com,Male,60.16.134.94
896,Tania,Branchflower,tbranchflowerov@odnoklassniki.ru,Female,203.114.77.52
897,Alina,Lawlee,alawleeow@cocolog-nifty.com,Female,36.178.140.15
898,Tamera,Harbord,tharbordox@examiner.com,Female,226.21.28.129
899,Gilberte,Fairchild,gfairchildoy@4shared.com,Female,169.162.132.211
900,Christina,Auckland,caucklandoz@tinyurl.com,Female,121.115.210.30
901,Franzen,Brede,fbredep0@youtu.be,Male,76.39.107.192
902,Raff,Hansod,rhansodp1@blogtalkradio.com,Male,171.153.124.215
903,Cathi,Nono,cnonop2@blog.com,Female,216.159.213.225
904,Forrester,McCreary,fmccrearyp3@pagesperso-orange.fr,Male,146.128.130.6
905,Rochell,Gregr,rgregrp4@amazon.de,Female,6.214.12.252
906,Agnesse,Klimov,aklimovp5@engadget.com,Female,105.232.203.1
907,Babette,Deegin,bdeeginp6@npr.org,Female,78.66.78.140
908,Hynda,Mullin,hmullinp7@joomla.org,Female,79.130.203.140
909,Lila,Woolham,lwoolhamp8@storify.com,Female,38.7.221.252
910,Kore,Coaster,kcoasterp9@tinypic.com,Female,209.173.203.220
911,Georgianne,Adne,gadnepa@unc.edu,Female,190.93.229.5
912,Antone,Enns,aennspb@youtube.com,Male,184.165.106.17
913,Felita,Dunsire,fdunsirepc@boston.com,Female,180.242.102.93
914,Karylin,Downing,kdowningpd@oaic.gov.au,Female,116.224.60.19
915,Robinett,Nelthorpe,rnelthorpepe@vinaora.com,Female,249.217.184.206
916,Derk,Dahlbom,ddahlbompf@auda.org.au,Male,235.51.102.78
917,Emmey,Chisnell,echisnellpg@blogspot.com,Female,91.224.203.208
918,Linus,Scottrell,lscottrellph@cyberchimps.com,Male,114.140.29.33
919,Austin,Robez,arobezpi@tamu.edu,Female,71.42.32.8
920,Reider,Neely,rneelypj@jugem.jp,Male,197.61.60.64
921,Isidro,Lammert,ilammertpk@senate.gov,Male,186.121.31.62
922,Hersh,Paute,hpautepl@discovery.com,Male,96.161.204.190
923,Archer,Eddowis,aeddowispm@digg.com,Male,72.178.62.153
924,Kenn,Spere,ksperepn@biblegateway.com,Male,162.37.227.253
925,Jerry,Dorsett,jdorsettpo@ft.com,Male,232.245.213.92
926,Rubi,Brody,rbrodypp@disqus.com,Female,212.169.142.186
927,Rog,Leverentz,rleverentzpq@mozilla.com,Male,47.154.52.30
928,Travers,Lissandri,tlissandripr@cyberchimps.com,Male,182.75.107.137
929,Kellen,Spandley,kspandleyps@imageshack.us,Male,18.166.127.211
930,Rory,Keller,rkellerpt@tripadvisor.com,Female,26.20.15.16
931,Morgan,Castellaccio,mcastellacciopu@hubpages.com,Female,1.187.142.20
932,Shannan,Vaugham,svaughampv@sakura.ne.jp,Male,113.139.154.238
933,Vito,Lavelle,vlavellepw@google.com.hk,Male,45.206.164.101
934,Deidre,Allom,dallompx@nba.com,Female,165.206.187.109
935,Devondra,Barrs,dbarrspy@so-net.ne.jp,Female,191.245.80.150
936,Morty,Gladbach,mgladbachpz@newyorker.com,Male,44.112.244.149
937,Agace,Redmond,aredmondq0@noaa.gov,Female,37.215.52.232
938,Jenica,Morten,jmortenq1@yelp.com,Female,200.3.19.240
939,Raeann,Petchey,rpetcheyq2@usgs.gov,Female,199.144.1.159
940,Talbot,Swynley,tswynleyq3@illinois.edu,Male,205.36.85.123
941,Dorry,Stidworthy,dstidworthyq4@hostgator.com,Female,194.50.250.175
942,Beniamino,McCoid,bmccoidq5@europa.eu,Male,203.82.88.18
943,Carolina,Brambley,cbrambleyq6@un.org,Female,64.136.43.220
944,Earl,Dorward,edorwardq7@arstechnica.com,Male,125.16.34.183
945,Joshia,Haire,jhaireq8@homestead.com,Male,132.164.22.3
946,Delilah,Renoden,drenodenq9@pcworld.com,Female,229.219.198.193
947,Lynde,Bridgement,lbridgementqa@businessinsider.com,Female,17.169.162.245
948,Franciska,Fattori,ffattoriqb@wix.com,Female,74.32.244.230
949,Dodi,Harland,dharlandqc@foxnews.com,Female,76.94.145.130
950,Brianna,Bramelt,bbrameltqd@wikipedia.org,Female,195.179.183.83
951,Tate,Panniers,tpanniersqe@jiathis.com,Male,228.157.244.137
952,Edvard,Scowcroft,escowcroftqf@wp.com,Male,211.219.19.101
953,Roxi,Clowney,rclowneyqg@lulu.com,Female,146.75.206.200
954,Shirley,Britian,sbritianqh@reuters.com,Female,52.181.44.17
955,Hasheem,Askey,haskeyqi@so-net.ne.jp,Male,42.111.178.176
956,Laurice,Petasch,lpetaschqj@si.edu,Female,3.20.196.190
957,Lara,Kloss,lklossqk@sitemeter.com,Female,32.75.106.134
958,Hortense,Youthead,hyoutheadql@printfriendly.com,Female,152.94.157.174
959,Miranda,Buckenhill,mbuckenhillqm@amazonaws.com,Female,53.249.105.85
960,Brant,Sutherland,bsutherlandqn@networksolutions.com,Male,177.17.120.57
961,Milo,Joret,mjoretqo@admin.ch,Male,50.221.131.187
962,Isacco,Beceril,ibecerilqp@google.ru,Male,63.107.146.105
963,Leicester,Bowerman,lbowermanqq@liveinternet.ru,Male,81.215.93.78
964,Jocelyn,Faas,jfaasqr@twitter.com,Female,121.107.4.185
965,Blondy,Postle,bpostleqs@last.fm,Female,200.3.250.82
966,Arnoldo,Eveling,aevelingqt@bandcamp.com,Male,150.56.86.208
967,Christian,Androck,candrockqu@twitpic.com,Female,54.119.135.189
968,Kristofer,Withrington,kwithringtonqv@npr.org,Male,11.186.234.197
969,Cari,Crane,ccraneqw@mtv.com,Female,222.235.78.13
970,Halsey,Muselli,hmuselliqx@hao123.com,Male,110.46.97.221
971,Eddy,Feasley,efeasleyqy@answers.com,Male,5.166.75.230
972,Gilemette,Duigenan,gduigenanqz@hugedomains.com,Female,66.48.209.211
973,Francklyn,Arnaud,farnaudr0@scribd.com,Male,77.225.76.88
974,Rudie,Pryn,rprynr1@constantcontact.com,Male,243.98.51.254
975,Homere,Jepson,hjepsonr2@prlog.org,Male,149.225.122.119
976,Sibby,Minshall,sminshallr3@angelfire.com,Female,112.40.230.74
977,Othello,Hurrion,ohurrionr4@cocolog-nifty.com,Male,41.18.159.162
978,Guillaume,Stonnell,gstonnellr5@independent.co.uk,Male,190.59.39.97
979,Evin,Thal,ethalr6@cornell.edu,Male,75.128.235.84
980,Marigold,McRitchie,mmcritchier7@reuters.com,Female,1.198.204.56
981,Fara,Hedon,fhedonr8@vkontakte.ru,Female,49.248.123.246
982,Gayleen,Fulstow,gfulstowr9@alibaba.com,Female,165.229.155.237
983,Rab,Marfe,rmarfera@altervista.org,Male,151.66.55.234
984,Clare,Barber,cbarberrb@whitehouse.gov,Female,247.224.64.97
985,Joshua,Flaxman,jflaxmanrc@scientificamerican.com,Male,130.173.92.213
986,Burton,Ruppel,bruppelrd@cargocollective.com,Male,108.67.161.114
987,Dody,Osmant,dosmantre@psu.edu,Female,229.241.171.111
988,Lindsy,Leidecker,lleideckerrf@geocities.com,Female,155.197.65.236
989,Gae,Memory,gmemoryrg@shop-pro.jp,Female,14.159.180.244
990,Corny,Blatcher,cblatcherrh@tuttocitta.it,Male,40.42.137.175
991,Torrance,Kybbye,tkybbyeri@angelfire.com,Male,135.144.114.118
992,Heinrik,Mindenhall,hmindenhallrj@illinois.edu,Male,215.50.107.45
993,Beauregard,Carnoghan,bcarnoghanrk@aol.com,Male,99.188.55.221
994,Win,Huchot,whuchotrl@nyu.edu,Male,8.128.234.140
995,Loleta,Warham,lwarhamrm@odnoklassniki.ru,Female,88.112.122.82
996,Gordy,Oger,gogerrn@surveymonkey.com,Male,18.150.157.243
997,Reggy,Mollon,rmollonro@wikispaces.com,Male,237.52.15.225
998,Orren,Brimm,obrimmrp@twitter.com,Male,8.142.230.240
999,Bertie,Joslow,bjoslowrq@ucoz.ru,Male,152.67.146.131
1000,Babbie,Devers,bdeversrr@about.me,Female,95.223.158.14
